Source:,"Journal of Research Innovation and Implications in Education, 2023",,,,,,
Link:,https://www.jriiejournal.com/wp-content/uploads/2023/10/RIIE-7-4-023.pdf,,,,,,
,,,,,,,
"This dataset contains information on people's opinions and perceptions about women's involvement in boda boda enterprise management in Homa Bay Town Sub-County, Kenya 2023.",,,,,,,
,,,,,,,
Aspect,Strongly Disagree (SD),Disagree (D),Neutral (N),Agree (A),Strongly Agree (SA),Mean,Std Dev
Women's involvement in common planning on boda boda enterprise management opens up economic opportunities,59 (17.5%),125 (37.0%),52 (15.4%),21 (6.2%),81 (24.0%),3.38,0.05
Lack of communication limits women from getting involved in boda boda enterprise management,56 (16.6%),99 (29.3%),42 (12.4%),28 (8.3%),113 (33.4%),4.32,0.081
Women offer social support when involved in boda boda enterprise management,44 (13.0%),98 (29.0%),40 (11.8%),28 (8.3%),128 (37.9%),3.91,0.105
Women's involvement improves boda boda enterprise management for better economic growth,48 (14.2%),98 (29.0%),39 (11.5%),29 (8.6%),124 (36.7%),4.1,0.103
